{"predictions": [{"labels_3d": [0, 0, 0, 0, 0, 0, 0, 0, 0, 0, 1, 1, 1, 2, 2, 2, 2], "scores_3d": [0.7706669569015503, 0.23965051770210266, 0.13888931274414062, 0.13656185567378998, 0.13089753687381744, 0.11958786100149155, 0.11657784879207611, 0.11342024058103561, 0.11194678395986557, 0.10140278935432434, 0.16477322578430176, 0.13453929126262665, 0.1179019957780838, 0.18413342535495758, 0.15304861962795258, 0.13216732442378998, 0.10934776812791824], "bboxes_3d": [[8.73466682434082, -1.843509316444397, -1.5845391750335693, 1.1607145071029663, 0.7603167295455933, 1.8807437419891357, 4.3862762451171875], [18.142303466796875, -6.291538238525391, -1.5457940101623535, 0.7867888808250427, 0.6415345668792725, 1.6030930280685425, 3.0276355743408203], [11.626852035522461, 4.987032413482666, -1.5760122537612915, 0.44843393564224243, 0.5877944231033325, 1.4486515522003174, 3.4981091022491455], [20.684602737426758, 15.237274169921875, -1.995590090751648, 0.7751978039741516, 0.6871312856674194, 1.7709314823150635, 1.7357608079910278], [11.364689826965332, -5.290737628936768, -1.6353681087493896, 0.659622848033905, 0.513556182384491, 1.3075515031814575, 2.729837417602539], [14.575793266296387, -3.315095901489258, -1.6381136178970337, 0.7658632397651672, 0.6214949488639832, 1.689408540725708, 3.272400140762329], [15.255223274230957, 2.7633814811706543, -1.4597781896591187, 0.8788758516311646, 0.6128484606742859, 1.7886309623718262, 4.007508277893066], [12.62862777709961, -4.588341236114502, -1.5194332599639893, 0.7201260328292847, 0.6236813068389893, 1.6869648694992065, 4.493642330169678], [13.488494873046875, 9.41790771484375, -1.3109772205352783, 0.8711628913879395, 0.6638041734695435, 1.784409761428833, 3.6247944831848145], [14.261232376098633, 7.497674465179443, -1.3733556270599365, 0.8036343455314636, 0.6039485335350037, 1.726729393005371, 4.14345121383667], [12.516068458557129, -10.100855827331543, -1.5794403553009033, 1.6561933755874634, 0.38599374890327454, 1.5904890298843384, 0.16312134265899658], [13.55990219116211, 9.460469245910645, -1.262461543083191, 1.6175166368484497, 0.4261193871498108, 1.716424822807312, 0.1261683702468872], [18.768468856811523, -14.85431957244873, -2.299403667449951, 1.7950959205627441, 0.7201540470123291, 1.9028587341308594, -1.5529805421829224], [20.492958068847656, 0.6176396608352661, -0.8317173719406128, 4.581122398376465, 1.8596683740615845, 2.1507725715637207, -0.22670602798461914], [19.427001953125, 6.6440043449401855, -1.95171320438385, 4.152020454406738, 1.6473454236984253, 1.4580318927764893, 1.314409852027893], [52.74733352661133, 1.215144157409668, -0.921425998210907, 4.002623081207275, 1.6465072631835938, 1.653493046760559, 0.40082621574401855], [24.232086181640625, 18.959630966186523, -1.4538459777832031, 4.115544319152832, 1.612282156944275, 1.5358396768569946, -0.19981098175048828]], "box_type_3d": "LiDAR"}], "visualization": []}