{"predictions": [{"labels_3d": [1, 2, 2, 2, 2, 2, 2, 2, 2, 2, 2], "scores_3d": [0.5095444917678833, 0.9576268196105957, 0.9520018100738525, 0.9121109843254089, 0.8598014116287231, 0.843012809753418, 0.7759252786636353, 0.7716023325920105, 0.7614508271217346, 0.674653947353363, 0.5918242335319519], "bboxes_3d": [[33.48313903808594, -15.27745532989502, -1.2177553176879883, 1.704385757446289, 0.49300652742385864, 1.7008411884307861, 3.071280002593994], [14.76734447479248, -1.1030436754226685, -1.4759669303894043, 3.7425293922424316, 1.5315817594528198, 1.4457241296768188, -0.31154000759124756], [8.109906196594238, 1.222747564315796, -1.6235431432724, 3.6424126625061035, 1.5535939931869507, 1.5312262773513794, 2.8412652015686035], [6.431487560272217, -3.856691837310791, -1.71624755859375, 3.178321599960327, 1.5141581296920776, 1.4303345680236816, -0.29966115951538086], [33.61331558227539, -7.099144458770752, -1.327613353729248, 4.364419460296631, 1.7342878580093384, 1.683154582977295, 2.862037181854248], [3.783536672592163, 2.724626302719116, -1.6281801462173462, 3.567323923110962, 1.5394691228866577, 1.537979006767273, -0.273608922958374], [24.96817970275879, -10.172113418579102, -1.79766845703125, 3.7962143421173096, 1.6525468826293945, 1.5072013139724731, -0.392148494720459], [20.16737174987793, -8.481492042541504, -1.6487406492233276, 2.3499412536621094, 1.4839966297149658, 1.493974208831787, -0.363775372505188], [28.726253509521484, -1.4984853267669678, -0.9802685976028442, 4.047818660736084, 1.559651255607605, 1.4673022031784058, 1.2396894693374634], [55.52439880371094, -20.310489654541016, -1.4080449342727661, 4.381792068481445, 1.7362455129623413, 1.7582714557647705, 2.7906265258789062], [40.90113067626953, -9.850096702575684, -1.2827123403549194, 3.8421919345855713, 1.578640341758728, 1.5081045627593994, -0.35906219482421875]], "box_type_3d": "LiDAR"}], "visualization": []}