{"labels_3d": [0, 0, 0, 0, 0, 0, 0, 0, 0, 0], "scores_3d": [0.9750447273254395, 0.968168318271637, 0.9457329511642456, 0.8904566168785095, 0.8889702558517456, 0.7710697650909424, 0.7553922533988953, 0.7058969140052795, 0.5796974897384644, 0.44153091311454773], "bboxes_3d": [[14.758466720581055, -1.0538010597229004, -1.5589203834533691, 3.756178855895996, 1.6059783697128296, 1.5587499141693115, -0.3130916357040405], [6.437875270843506, -3.867945671081543, -1.73551607131958, 3.1477835178375244, 1.459964632987976, 1.4284344911575317, -0.2997056245803833], [8.112222671508789, 1.2169790267944336, -1.6341116428375244, 3.666289806365967, 1.5731347799301147, 1.5916335582733154, 2.8161723613739014], [20.16973876953125, -8.431012153625488, -1.6690263748168945, 2.381685733795166, 1.5176161527633667, 1.5694373846054077, -0.32549571990966797], [33.45580291748047, -7.035797595977783, -1.3376585245132446, 4.2139387130737305, 1.744605302810669, 1.6697108745574951, 2.828458786010742], [55.62175750732422, -20.328739166259766, -1.3770701885223389, 4.370566368103027, 1.7359880208969116, 1.7069157361984253, 2.850377082824707], [3.6382157802581787, 2.7381341457366943, -1.6891697645187378, 3.7206027507781982, 1.5820281505584717, 1.5177806615829468, -0.2304706573486328], [25.040634155273438, -10.156490325927734, -1.632577657699585, 3.7391951084136963, 1.6085280179977417, 1.4840376377105713, -0.32977795600891113], [28.72541046142578, -1.5523780584335327, -1.201797604560852, 3.694195508956909, 1.5430234670639038, 1.5609636306762695, 1.2415472269058228], [40.8708610534668, -9.748866081237793, -1.3668479919433594, 3.8332459926605225, 1.652978777885437, 1.5703918933868408, -0.28820669651031494]], "box_type_3d": "LiDAR"}